Workbook
Name OrderTable: Table1[]
Name Slicer_Country: #N/A
Name Slicer_Year: #N/A

Sheet Pivots
A3: Company | B3: Country | C3: Sum of Sales | I3: Company | J3: Country | K3: Sum of TotalDiscount | M3: Row Labels | N3: Count of CustomerID
A4: ABC Holding | C4: 2880 | I4: ABC Holding | K4: 1.2 | M4: ABC Holding | N4: 2
B5: France | C5: 840 | J5: France | K5: 0.35 | M5: Anadolu Store | N5: 1
B6: Turkey | C6: 600 | J6: Turkey | K6: 0.25 | M6: Delta BV | N6: 1
A7: Anadolu Store | C7: 1040 | I7: Anadolu Store | K7: 0.4 | M7: Ege Group | N7: 2
B8: Turkey | C8: 1040 | J8: Turkey | K8: 0.4 | M8: Muller GmbH | N8: 2
A9: Delta BV | C9: 880 | I9: Delta BV | K9: 0 | M9: Rossi Home | N9: 2
B10: Netherlands | C10: 880 | J10: Netherlands | K10: 0 | M10: Grand Total | N10: 10
A11: Ege Group | C11: 3440 | I11: Ege Group | K11: 1.6
B12: Turkey | C12: 3440 | J12: Turkey | K12: 1.6
A13: Muller GmbH | C13: 4290 | I13: Muller GmbH | K13: 2.2
B14: Germany | C14: 950 | J14: Germany | K14: 0
B15: Turkey | C15: 1200 | J15: Turkey | K15: 1.2
A16: Rossi Home | C16: 4650 | I16: Rossi Home | K16: 0
B17: Italy | C17: 1350 | J17: Italy | K17: 0
B18: Spain | C18: 960 | J18: Spain | K18: 0
A19: Grand Total | C19: 105225 | I19: Grand Total | K19: 31.05
N29: Sum of Sales
N30: 105225 | O30: 105225
N34: Count of ProductID
N35: 10 | O35: 10
N37: Count of OrderID
N38: 10
G43: Row Labels | H43: Sum of Sales
G44: 2023 | H44: 23630
G45: 2024 | H45: 29050
G46: Grand Total | H46: 105225

Sheet Dashboard
N1: Sales Dashboard

Sheet Orders
A1: OrderID | B1: OrderDate | C1: Year | D1: CustomerID | E1: Company | F1: ProductID | G1: ProductName | H1: Country | I1: SalesChannel | J1: Quantity | K1: UnitPrice | L1: Discount
A2: 2001 | B2: 2023-01-05 | C2: {=INDEX(_xlfn.TEXTSPLIT(B2, "-"), 1)} -> 2023 | D2: C001 | E2: =VLOOKUP(Orders!D2,Customers!$A$1:$E$7,2,FALSE) -> ABC Holding | F2: P001 | G2: =VLOOKUP(F2,Products!$A$1:$D$5,2,FALSE) -> Modern Carpet A | H2: Turkey | I2: Online | J2: 5 | K2: 120 | L2: 0.05
A3: 2002 | B3: 2023-01-18 | C3: {=INDEX(_xlfn.TEXTSPLIT(B3, "-"), 1)} -> 2023 | D3: C002 | E3: =VLOOKUP(Orders!D3,Customers!$A$1:$E$7,2,FALSE) -> Muller GmbH | F3: P002 | G3: =VLOOKUP(F3,Products!$A$1:$D$5,2,FALSE) -> Classic Carpet B | H3: Germany | I3: Offline | J3: 10 | K3: 95 | L3: 0
A4: 2003 | B4: 2023-02-02 | C4: {=INDEX(_xlfn.TEXTSPLIT(B4, "-"), 1)} -> 2023 | D4: C003 | E4: =VLOOKUP(Orders!D4,Customers!$A$1:$E$7,2,FALSE) -> Ege Group | F4: P003 | G4: =VLOOKUP(F4,Products!$A$1:$D$5,2,FALSE) -> Rug Premium X | H4: Turkey | I4: Offline | J4: 3 | K4: 210 | L4: 0.1
A5: 2004 | B5: 2023-03-11 | C5: {=INDEX(_xlfn.TEXTSPLIT(B5, "-"), 1)} -> 2023 | D5: C001 | E5: =VLOOKUP(Orders!D5,Customers!$A$1:$E$7,2,FALSE) -> ABC Holding | F5: P001 | G5: =VLOOKUP(F5,Products!$A$1:$D$5,2,FALSE) -> Modern Carpet A | H5: France | I5: Online | J5: 7 | K5: 120 | L5: 0.05
A6: 2005 | B6: 2023-04-27 | C6: {=INDEX(_xlfn.TEXTSPLIT(B6, "-"), 1)} -> 2023 | D6: C004 | E6: =VLOOKUP(Orders!D6,Customers!$A$1:$E$7,2,FALSE) -> Rossi Home | F6: P004 | G6: =VLOOKUP(F6,Products!$A$1:$D$5,2,FALSE) -> Rug Standard Y | H6: Italy | I6: Online | J6: 9 | K6: 150 | L6: 0
A7: 2006 | B7: 2024-01-09 | C7: {=INDEX(_xlfn.TEXTSPLIT(B7, "-"), 1)} -> 2024 | D7: C002 | E7: =VLOOKUP(Orders!D7,Customers!$A$1:$E$7,2,FALSE) -> Muller GmbH | F7: P002 | G7: =VLOOKUP(F7,Products!$A$1:$D$5,2,FALSE) -> Classic Carpet B | H7: Turkey | I7: Online | J7: 12 | K7: 100 | L7: 0.1
A8: 2007 | B8: 2024-02-14 | C8: {=INDEX(_xlfn.TEXTSPLIT(B8, "-"), 1)} -> 2024 | D8: C005 | E8: =VLOOKUP(Orders!D8,Customers!$A$1:$E$7,2,FALSE) -> Delta BV | F8: P003 | G8: =VLOOKUP(F8,Products!$A$1:$D$5,2,FALSE) -> Rug Premium X | H8: Netherlands | I8: Offline | J8: 4 | K8: 220 | L8: 0
A9: 2008 | B9: 2024-03-30 | C9: {=INDEX(_xlfn.TEXTSPLIT(B9, "-"), 1)} -> 2024 | D9: C006 | E9: =VLOOKUP(Orders!D9,Customers!$A$1:$E$7,2,FALSE) -> Anadolu Store | F9: P001 | G9: =VLOOKUP(F9,Products!$A$1:$D$5,2,FALSE) -> Modern Carpet A | H9: Turkey | I9: Online | J9: 8 | K9: 130 | L9: 0.05
A10: 2009 | B10: 2024-05-19 | C10: {=INDEX(_xlfn.TEXTSPLIT(B10, "-"), 1)} -> 2024 | D10: C004 | E10: =VLOOKUP(Orders!D10,Customers!$A$1:$E$7,2,FALSE) -> Rossi Home | F10: P004 | G10: =VLOOKUP(F10,Products!$A$1:$D$5,2,FALSE) -> Rug Standard Y | H10: Spain | I10: Offline | J10: 6 | K10: 160 | L10: 0
A11: 2010 | B11: 2024-06-25 | C11: {=INDEX(_xlfn.TEXTSPLIT(B11, "-"), 1)} -> 2024 | D11: C003 | E11: =VLOOKUP(Orders!D11,Customers!$A$1:$E$7,2,FALSE) -> Ege Group | F11: P003 | G11: =VLOOKUP(F11,Products!$A$1:$D$5,2,FALSE) -> Rug Premium X | H11: Turkey | I11: Offline | J11: 5 | K11: 220 | L11: 0.1

Sheet Customers
A1: CustomerID | B1: CustomerName | C1: CustomerSegment | D1: CustomerType | E1: City
A2: C001 | B2: ABC Holding | C2: Corporate | D2: B2B | E2: Istanbul
A3: C002 | B3: Muller GmbH | C3: Consumer | D3: B2C | E3: Berlin
A4: C003 | B4: Ege Group | C4: Corporate | D4: B2B | E4: Izmir
A5: C004 | B5: Rossi Home | C5: Consumer | D5: B2C | E5: Rome
A6: C005 | B6: Delta BV | C6: Corporate | D6: B2B | E6: Amsterdam
A7: C006 | B7: Anadolu Store | C7: Consumer | D7: B2C | E7: Ankara

Sheet Products
A1: ProductID | B1: ProductName | C1: Category | D1: UnitCost
A2: P001 | B2: Modern Carpet A | C2: Carpet | D2: 80
A3: P002 | B3: Classic Carpet B | C3: Carpet | D3: 70
A4: P003 | B4: Rug Premium X | C4: Rug | D4: 150
A5: P004 | B5: Rug Standard Y | C5: Rug | D5: 110
